{"cameraMode":{"drawMode":0,"name":"Shaded","section":"Shading Mode"},"sceneLighting":false,"audioPlay":false,"sceneViewState":{"showFog":true,"showMaterialUpdate":false,"showSkybox":false,"showFlares":true,"showImageEffects":true,"showParticleSystems":true,"showVisualEffectGraphs":true,"m_FxEnabled":true},"in2DMode":false,"pivot":{"x":569.429931640625,"y":337.0953674316406,"z":3.194488525390625},"rotation":{"x":0.04198763892054558,"y":0.0014988492475822569,"z":-0.00006289732118602842,"w":0.9991155862808228},"size":218.5526123046875,"orthographic":false}