{"cameraMode":{"drawMode":0,"name":"Shaded","section":"Shading Mode"},"sceneLighting":false,"audioPlay":false,"sceneViewState":{"showFog":true,"showMaterialUpdate":false,"showSkybox":false,"showFlares":true,"showImageEffects":true,"showParticleSystems":true,"showVisualEffectGraphs":true,"m_FxEnabled":true},"in2DMode":false,"pivot":{"x":0.29305362701416018,"y":2.0862956047058107,"z":0.9618821144104004},"rotation":{"x":0.2235012650489807,"y":-0.18151208758354188,"z":0.04241315647959709,"w":0.9567137956619263},"size":4.845463752746582,"orthographic":false}