{"cameraMode":{"drawMode":0,"name":"Shaded","section":"Shading Mode"},"sceneLighting":false,"audioPlay":false,"sceneViewState":{"showFog":true,"showMaterialUpdate":false,"showSkybox":false,"showFlares":true,"showImageEffects":true,"showParticleSystems":true,"showVisualEffectGraphs":true,"m_FxEnabled":true},"in2DMode":false,"pivot":{"x":731.7348022460938,"y":315.6800537109375,"z":18.606781005859376},"rotation":{"x":0.05995854362845421,"y":0.013475135900080204,"z":-0.000809867458883673,"w":0.9981088042259216},"size":296.71185302734377,"orthographic":false}